Patient_ID,Age,Gender,BMI,Blood_Pressure,Cholesterol,Glucose,Heart_Rate,Smoking,Alcohol,Physical_Activity,Family_History,Stress_Level,Sleep_Hours,Disease_Risk,Likely_Disease
P001,56,Female,32.6,142,209,99,90,Yes,Yes,Medium,No,Low,7.0,High,Obesity-Related Disorder
P002,69,Female,17.2,163,208,82,74,No,No,Medium,Yes,High,8.0,Medium,Cardiovascular Disease
P003,46,Male,25.6,136,212,94,80,No,No,Low,Yes,Low,8.3,Low,Obesity-Related Disorder
P004,32,Female,29.7,126,161,100,93,No,Yes,Medium,No,High,5.7,Low,Stress/Sleep-Related Disorder
P005,60,Female,23.6,136,204,92,65,Yes,No,High,No,High,6.2,High,Respiratory Disease
P006,25,Female,19.7,115,205,87,76,Yes,Yes,Low,No,Low,10.0,Medium,Respiratory Disease
P007,78,Female,24.5,152,196,77,62,No,No,Medium,No,Medium,6.5,Medium,Cardiovascular Disease
P008,38,Female,31.9,141,130,96,75,No,No,Medium,Yes,Low,5.7,Low,Obesity-Related Disorder
P009,56,Male,22.2,159,210,89,90,Yes,No,High,No,Medium,5.9,Medium,Cardiovascular Disease
P010,75,Female,31.5,160,211,100,67,No,No,Low,Yes,Low,6.5,High,Obesity-Related Disorder
P011,36,Male,26.2,135,208,95,63,No,No,High,No,High,6.3,Low,Stress/Sleep-Related Disorder
P012,40,Female,30.5,133,183,105,71,No,No,Medium,No,High,6.5,Medium,Obesity-Related Disorder
P013,28,Male,26.0,116,160,71,92,No,No,High,No,Low,6.8,Low,Obesity-Related Disorder
P014,28,Male,22.8,136,173,62,79,No,Yes,High,Yes,Low,6.8,Low,Respiratory Disease
P015,41,Female,32.4,144,214,72,63,No,No,Low,No,High,5.7,Medium,Obesity-Related Disorder
P016,70,Female,26.0,135,227,84,88,No,Yes,Low,No,Low,7.2,Medium,Cardiovascular Disease
P017,53,Female,25.7,141,137,98,56,No,No,Low,Yes,High,6.9,Medium,Stress/Sleep-Related Disorder
P018,57,Male,28.6,137,206,108,94,Yes,No,Medium,No,Medium,7.4,Medium,Respiratory Disease
P019,41,Female,29.2,131,193,106,81,No,No,Low,No,Medium,4.7,Medium,Obesity-Related Disorder
P020,20,Male,28.7,112,168,85,89,No,Yes,Low,No,High,7.0,Low,Obesity-Related Disorder
P021,39,Male,18.9,134,170,77,55,No,No,Medium,Yes,Medium,4.4,Low,Stress/Sleep-Related Disorder
P022,70,Male,22.1,154,243,99,75,No,No,Low,Yes,High,6.6,High,Cardiovascular Disease
P023,19,Female,22.0,115,198,61,70,No,No,Low,Yes,High,7.6,Low,Stress/Sleep-Related Disorder
P024,41,Female,21.5,149,132,86,62,Yes,Yes,Medium,No,Low,8.1,Medium,Respiratory Disease
P025,61,Male,21.1,157,185,98,60,No,No,Low,Yes,Low,7.2,Medium,Cardiovascular Disease
P026,47,Male,22.0,132,189,79,77,No,No,Medium,Yes,High,7.6,Medium,Stress/Sleep-Related Disorder
P027,55,Female,26.5,140,223,116,79,No,Yes,Medium,No,High,6.4,Medium,Cardiovascular Disease
P028,19,Male,27.2,125,168,86,84,Yes,Yes,Medium,No,Low,6.2,Low,Respiratory Disease
P029,77,Female,25.0,169,202,89,68,No,No,High,Yes,High,10.0,Medium,Cardiovascular Disease
P030,38,Male,23.1,126,202,96,71,No,No,Medium,Yes,Medium,7.8,Low,Cardiovascular Disease
P031,50,Female,30.7,140,190,140,59,No,Yes,Medium,No,Low,5.4,High,Diabetes
P032,29,Male,24.6,149,173,90,87,No,Yes,Medium,Yes,High,4.7,Low,Stress/Sleep-Related Disorder
P033,75,Female,29.2,154,217,121,74,No,Yes,High,No,Low,6.2,High,Cardiovascular Disease
P034,39,Male,22.4,157,199,78,79,No,No,High,No,High,8.2,Low,Cardiovascular Disease
P035,78,Female,26.9,177,212,88,81,No,No,High,No,Low,6.9,High,Cardiovascular Disease
P036,61,Female,31.0,171,222,115,87,No,No,Medium,No,Medium,4.1,High,Cardiovascular Disease
P037,42,Male,16.0,129,186,75,64,No,No,Low,No,Low,6.6,Low,No Major Risk Indicated
P038,66,Male,22.1,152,183,86,80,No,No,Low,No,Medium,6.8,High,Cardiovascular Disease
P039,44,Female,27.7,133,189,110,72,No,Yes,Low,Yes,Medium,4.0,High,Obesity-Related Disorder
P040,76,Male,30.5,176,193,105,94,No,Yes,High,No,Low,6.8,High,Cardiovascular Disease
P041,80,Female,25.9,158,223,91,65,No,Yes,Medium,No,Medium,5.6,High,Cardiovascular Disease
P042,59,Male,25.2,158,224,114,84,No,No,Medium,Yes,Medium,4.6,Medium,Cardiovascular Disease
P043,45,Female,32.2,147,164,128,76,Yes,No,Medium,Yes,Low,8.7,High,Obesity-Related Disorder
P044,77,Female,30.7,162,228,106,76,No,Yes,High,Yes,High,5.5,High,Stress/Sleep-Related Disorder
P045,33,Female,21.1,145,159,107,72,No,No,Low,No,Medium,6.0,Low,Cardiovascular Disease
P046,32,Female,25.5,130,184,87,85,Yes,No,Low,Yes,Medium,6.0,Low,Respiratory Disease
P047,79,Female,26.6,174,243,108,76,No,No,Medium,Yes,Medium,6.8,High,Cardiovascular Disease
P048,79,Female,32.7,158,168,120,58,No,Yes,Medium,No,Medium,8.9,High,Obesity-Related Disorder
P049,64,Male,28.9,144,180,116,85,No,No,Medium,No,Low,5.4,Medium,Obesity-Related Disorder
P050,79,Male,24.5,173,212,105,84,No,No,High,Yes,Medium,6.4,Medium,Cardiovascular Disease
P051,68,Male,26.0,161,219,106,79,No,Yes,Low,No,Medium,6.9,Medium,Cardiovascular Disease
P052,61,Female,16.5,154,201,61,62,Yes,No,Medium,No,Medium,5.8,High,Cardiovascular Disease
P053,72,Female,29.4,155,214,86,64,Yes,Yes,Medium,No,High,6.4,High,Cardiovascular Disease
P054,69,Female,27.9,175,263,124,54,Yes,No,Low,No,Medium,7.5,High,Cardiovascular Disease
P055,74,Female,30.5,147,186,107,78,No,No,High,Yes,Low,5.9,Medium,Obesity-Related Disorder
P056,20,Male,24.4,106,196,85,58,No,No,High,Yes,Low,6.4,Low,No Major Risk Indicated
P057,54,Male,25.6,157,190,102,55,No,No,Medium,No,Low,6.3,Medium,Cardiovascular Disease
P058,68,Female,22.8,166,225,118,86,No,Yes,High,Yes,Low,6.7,High,Cardiovascular Disease
P059,24,Male,19.8,127,225,78,79,No,No,Medium,Yes,Medium,7.1,Low,Cardiovascular Disease
P060,38,Male,22.3,130,201,79,69,Yes,No,Low,No,Low,7.5,Low,Respiratory Disease
P061,26,Female,16.8,131,183,61,70,Yes,No,Medium,Yes,Low,9.1,Low,Respiratory Disease
P062,56,Male,29.1,168,240,106,50,Yes,No,Medium,No,Low,4.0,High,Cardiovascular Disease
P063,35,Female,16.0,161,210,60,81,No,No,Low,Yes,Low,6.6,Medium,Cardiovascular Disease
P064,21,Male,34.1,101,149,111,64,No,No,Low,No,Low,5.2,Low,Obesity-Related Disorder
P065,42,Female,17.1,131,195,72,75,No,Yes,Medium,No,Low,6.3,Low,Respiratory Disease
P066,77,Female,31.7,157,176,143,50,Yes,No,Medium,No,Medium,7.9,High,Cardiovascular Disease
P067,31,Female,20.9,148,164,79,81,No,No,Low,Yes,Medium,8.2,Low,Cardiovascular Disease
P068,67,Female,27.5,125,218,77,66,Yes,No,Medium,No,Low,8.3,Low,Respiratory Disease
P069,75,Male,21.6,167,202,133,60,No,No,High,No,Medium,8.3,High,Cardiovascular Disease
P070,26,Female,32.5,121,180,122,68,No,Yes,Low,No,Medium,6.6,Low,Obesity-Related Disorder
P071,43,Female,25.2,157,188,125,66,No,No,Low,No,Low,8.5,Medium,Cardiovascular Disease
P072,70,Female,29.8,176,226,95,84,No,No,High,No,Low,8.7,High,Cardiovascular Disease
P073,19,Male,25.3,124,156,85,67,Yes,No,Low,No,Medium,7.0,Medium,Respiratory Disease
P074,37,Female,26.6,114,160,106,86,No,Yes,Medium,No,Medium,8.2,Low,Obesity-Related Disorder
P075,45,Male,27.8,132,227,109,76,No,No,Low,No,Low,6.8,Low,Obesity-Related Disorder
P076,64,Female,22.6,147,195,97,82,No,Yes,Medium,Yes,Low,8.5,Medium,Cardiovascular Disease
P077,77,Male,19.2,147,236,60,73,No,No,Medium,No,High,6.6,High,Cardiovascular Disease
P078,24,Male,19.1,137,207,60,84,No,No,Medium,No,Low,6.1,Low,Cardiovascular Disease
P079,61,Female,25.2,133,209,121,61,No,Yes,High,No,Low,5.5,Low,Stress/Sleep-Related Disorder
P080,78,Male,22.8,187,199,122,75,Yes,Yes,High,No,High,6.6,High,Cardiovascular Disease
P081,25,Female,16.0,147,168,65,67,No,Yes,High,No,High,6.9,Low,Cardiovascular Disease
P082,64,Female,27.3,148,233,125,87,No,No,Medium,No,Medium,5.7,High,Cardiovascular Disease
P083,52,Female,19.5,148,202,66,87,No,Yes,Low,Yes,Medium,6.5,Low,Cardiovascular Disease
P084,31,Male,19.8,127,148,65,72,No,Yes,Medium,Yes,Low,6.2,Medium,Respiratory Disease
P085,34,Male,24.8,141,196,74,59,No,No,Low,No,Low,5.5,Low,Stress/Sleep-Related Disorder
P086,53,Female,20.9,160,217,73,77,No,No,High,No,Medium,8.0,Medium,Cardiovascular Disease
P087,67,Female,25.6,158,201,112,56,Yes,No,Medium,Yes,Low,8.3,High,Cardiovascular Disease
P088,57,Male,33.9,153,217,106,89,No,No,Medium,Yes,Medium,8.0,High,Obesity-Related Disorder
P089,21,Female,23.3,113,175,117,67,Yes,Yes,Low,Yes,High,6.7,Medium,Respiratory Disease
P090,19,Female,20.2,124,162,82,71,No,No,High,No,High,6.8,Low,Stress/Sleep-Related Disorder
P091,79,Female,25.8,166,189,121,67,No,No,High,Yes,Low,5.5,High,Cardiovascular Disease
P092,23,Male,21.5,111,198,87,62,Yes,No,Medium,No,Medium,7.3,Low,Respiratory Disease
P093,71,Male,25.1,158,233,119,81,No,No,High,No,Medium,7.0,High,Cardiovascular Disease
P094,59,Male,26.4,145,218,88,71,No,No,Low,No,High,10.0,Medium,Cardiovascular Disease
P095,21,Female,24.8,113,208,109,72,No,No,Medium,No,Low,8.1,Low,Cardiovascular Disease
P096,71,Female,25.3,144,238,103,63,No,No,High,No,Low,7.2,Medium,Cardiovascular Disease
P097,46,Female,25.9,140,209,114,81,No,Yes,Medium,Yes,Low,6.8,Medium,Diabetes
P098,80,Male,32.2,156,167,99,83,Yes,Yes,High,No,Medium,8.0,High,Cardiovascular Disease
P099,35,Female,23.9,126,211,91,70,Yes,Yes,Low,No,Medium,5.7,Medium,Respiratory Disease
P100,43,Female,25.6,150,191,97,85,Yes,Yes,Low,No,High,8.2,High,Cardiovascular Disease
P101,61,Female,28.9,158,213,98,72,No,No,High,Yes,Medium,5.5,High,Cardiovascular Disease
P102,51,Female,27.1,132,204,105,80,Yes,Yes,Low,Yes,Low,6.1,High,Respiratory Disease
P103,27,Male,23.4,129,194,108,55,No,No,High,Yes,Medium,4.6,Medium,Stress/Sleep-Related Disorder
P104,79,Male,29.1,166,249,102,77,No,Yes,High,No,Low,7.5,High,Cardiovascular Disease
P105,53,Female,21.1,165,214,100,70,No,Yes,Low,No,High,7.1,Medium,Cardiovascular Disease
P106,31,Male,24.0,145,190,71,73,No,No,Medium,Yes,High,6.1,Low,Cardiovascular Disease
P107,48,Male,21.5,123,199,117,73,No,Yes,Low,No,High,5.7,Medium,Stress/Sleep-Related Disorder
P108,65,Female,27.6,164,125,117,74,No,No,Medium,Yes,High,8.5,High,Cardiovascular Disease
P109,32,Female,30.4,144,172,130,78,Yes,No,Low,Yes,Low,6.6,High,Obesity-Related Disorder
P110,25,Male,26.0,130,149,101,66,No,Yes,Low,No,Low,5.9,Medium,Stress/Sleep-Related Disorder
P111,31,Female,25.3,124,208,97,77,No,Yes,Medium,Yes,Medium,9.1,Low,Respiratory Disease
P112,40,Male,21.1,164,201,95,84,Yes,No,Medium,No,High,6.0,Medium,Cardiovascular Disease
P113,77,Female,21.8,171,208,92,59,Yes,Yes,High,No,Low,8.2,Medium,Cardiovascular Disease
P114,74,Male,19.6,184,208,63,66,No,Yes,High,No,Low,5.4,High,Cardiovascular Disease
P115,79,Female,16.0,180,211,86,66,Yes,Yes,Medium,Yes,High,6.4,High,Cardiovascular Disease
P116,57,Male,23.2,153,191,81,62,No,Yes,Medium,No,Low,7.4,Medium,Cardiovascular Disease
P117,38,Male,23.7,127,148,72,67,Yes,No,High,No,Medium,6.7,Low,Respiratory Disease
P118,33,Male,34.8,129,138,125,82,No,No,Medium,No,Medium,7.1,High,Obesity-Related Disorder
P119,62,Female,32.0,149,207,111,87,No,No,Medium,Yes,Low,6.2,High,Obesity-Related Disorder
P120,35,Male,27.5,117,208,113,73,No,Yes,High,Yes,Low,4.9,Low,Stress/Sleep-Related Disorder
P121,64,Male,34.4,161,194,110,70,No,Yes,Medium,Yes,High,8.6,High,Obesity-Related Disorder
P122,70,Female,31.3,176,221,109,81,No,No,Medium,Yes,Medium,6.2,High,Cardiovascular Disease
P123,41,Female,16.0,132,205,88,50,Yes,No,High,No,High,7.1,Low,Respiratory Disease
P124,43,Male,29.8,163,164,109,62,No,No,High,No,Medium,7.6,Medium,Cardiovascular Disease
P125,42,Male,28.2,118,187,79,50,No,No,Medium,No,Low,7.2,Low,Obesity-Related Disorder
P126,77,Female,23.7,175,203,102,63,No,No,Low,Yes,Medium,5.9,High,Cardiovascular Disease
P127,77,Female,18.6,183,259,108,66,No,No,Medium,No,Medium,8.2,High,Cardiovascular Disease
P128,77,Female,27.7,160,258,101,88,Yes,Yes,Low,Yes,Low,7.4,High,Cardiovascular Disease
P129,62,Female,16.0,149,181,84,50,No,No,High,No,High,7.0,Low,Cardiovascular Disease
P130,58,Female,24.9,161,212,84,69,No,No,Low,No,Low,7.0,Medium,Cardiovascular Disease
P131,46,Male,22.2,146,218,85,78,Yes,Yes,High,No,Low,8.8,Medium,Respiratory Disease
P132,32,Female,19.3,105,200,93,76,No,Yes,Low,No,Low,5.9,Low,Stress/Sleep-Related Disorder
P133,62,Male,30.3,141,208,115,87,Yes,No,Low,Yes,Medium,7.3,High,Obesity-Related Disorder
P134,18,Male,24.8,118,199,106,73,Yes,No,Medium,No,Medium,6.2,Low,Respiratory Disease
P135,42,Male,25.8,120,165,101,76,Yes,No,Medium,No,Medium,4.5,Low,Respiratory Disease
P136,24,Female,29.1,117,164,132,53,Yes,Yes,Low,No,Medium,4.4,Medium,Respiratory Disease
P137,26,Male,25.0,108,151,66,62,No,Yes,Medium,No,High,5.6,Low,Stress/Sleep-Related Disorder
P138,41,Male,27.0,131,206,94,54,Yes,No,Medium,No,Low,6.0,Low,Respiratory Disease
P139,18,Female,28.7,114,152,80,77,No,Yes,Low,Yes,Low,9.4,Medium,Obesity-Related Disorder
P140,61,Male,27.6,155,201,89,76,No,No,Low,No,Low,7.6,Medium,Cardiovascular Disease
P141,25,Male,26.3,123,188,77,75,Yes,Yes,High,Yes,Low,7.7,Low,Respiratory Disease
P142,41,Female,33.0,142,204,115,63,No,No,Medium,No,Medium,6.0,Medium,Obesity-Related Disorder
P143,80,Male,30.6,170,199,120,64,No,No,Low,No,Medium,6.9,High,Cardiovascular Disease
P144,28,Male,24.6,138,202,95,74,No,No,High,Yes,High,9.6,Low,Stress/Sleep-Related Disorder
P145,68,Male,20.9,166,223,72,66,Yes,No,High,No,Low,5.3,High,Cardiovascular Disease
P146,34,Female,27.9,140,154,93,62,No,No,Medium,Yes,Medium,7.3,Low,Obesity-Related Disorder
P147,25,Female,26.0,161,139,77,66,No,No,Medium,No,Medium,8.7,Medium,Cardiovascular Disease
P148,52,Female,32.7,148,196,129,66,Yes,Yes,High,No,Low,8.0,High,Obesity-Related Disorder
P149,52,Male,29.4,175,218,93,64,Yes,No,High,No,Medium,9.0,Medium,Cardiovascular Disease
P150,50,Male,28.4,147,217,100,60,No,Yes,High,No,High,7.1,Medium,Cardiovascular Disease
P151,76,Female,25.1,161,227,110,78,Yes,No,Medium,No,Medium,7.5,High,Cardiovascular Disease
P152,22,Male,21.1,117,171,69,87,No,No,Medium,No,High,6.9,Low,Stress/Sleep-Related Disorder
P153,59,Male,24.1,167,216,105,72,No,Yes,Medium,No,Medium,7.4,High,Cardiovascular Disease
P154,56,Female,27.1,167,179,126,75,No,No,Low,No,Low,5.7,Medium,Cardiovascular Disease
P155,75,Female,17.2,168,260,85,79,No,Yes,Medium,No,Medium,7.8,High,Cardiovascular Disease
P156,58,Male,30.6,162,244,125,76,Yes,Yes,High,Yes,Low,7.2,High,Cardiovascular Disease
P157,45,Male,34.3,123,201,86,64,Yes,No,Medium,Yes,Low,6.9,Medium,Obesity-Related Disorder
P158,24,Male,16.2,104,177,60,89,No,No,Medium,Yes,Medium,8.9,Low,No Major Risk Indicated
P159,26,Female,18.7,139,163,76,64,No,No,Medium,No,High,6.5,Low,Stress/Sleep-Related Disorder
P160,25,Female,26.0,122,186,75,78,No,Yes,Low,No,Medium,8.2,Low,Obesity-Related Disorder
P161,29,Female,22.4,136,159,86,77,No,Yes,Medium,No,Medium,8.4,Low,Respiratory Disease
P162,51,Female,26.2,135,140,114,53,Yes,Yes,High,No,High,7.8,Medium,Respiratory Disease
P163,50,Male,24.7,162,127,66,69,Yes,Yes,Low,Yes,High,5.6,High,Cardiovascular Disease
P164,65,Female,20.4,135,189,69,74,No,No,Low,Yes,Medium,7.2,Medium,Cardiovascular Disease
P165,72,Female,30.8,142,219,118,75,Yes,No,High,No,Low,9.2,High,Respiratory Disease
P166,40,Female,27.1,152,194,105,75,No,No,Low,No,High,4.6,High,Stress/Sleep-Related Disorder
P167,79,Female,22.5,133,209,107,81,No,No,Low,No,Low,6.6,High,Cardiovascular Disease
P168,41,Female,31.8,140,190,111,72,No,Yes,High,No,Medium,8.2,Medium,Obesity-Related Disorder
P169,54,Male,22.7,144,192,97,76,No,No,Medium,No,Low,6.7,Low,Cardiovascular Disease
P170,52,Male,19.4,135,172,95,72,Yes,Yes,Medium,No,Medium,7.8,Low,Respiratory Disease
P171,61,Female,25.8,148,204,94,63,No,Yes,High,No,Low,8.5,Low,Cardiovascular Disease
P172,57,Male,26.6,138,222,92,73,No,No,Low,No,Medium,7.1,Medium,Obesity-Related Disorder
P173,39,Female,27.4,153,161,96,79,No,Yes,Medium,Yes,Medium,7.4,Medium,Cardiovascular Disease
P174,44,Female,28.1,160,166,104,83,No,Yes,Medium,No,Low,6.9,Medium,Cardiovascular Disease
P175,52,Male,27.3,136,170,91,78,No,No,High,No,Medium,7.2,Low,Obesity-Related Disorder
P176,18,Male,27.1,122,120,86,84,Yes,No,Medium,No,High,9.3,Low,Respiratory Disease
P177,52,Female,22.4,128,185,95,77,Yes,No,Medium,Yes,High,6.7,Low,Respiratory Disease
P178,54,Female,21.9,158,216,91,81,No,Yes,Medium,No,Low,6.4,Medium,Cardiovascular Disease
P179,64,Female,28.3,166,212,104,82,No,Yes,Medium,No,Medium,8.1,High,Cardiovascular Disease
P180,31,Male,26.1,125,174,67,69,Yes,No,High,Yes,Medium,5.8,Medium,Respiratory Disease
P181,20,Female,28.7,120,171,97,78,No,Yes,Medium,No,Medium,6.1,Low,Obesity-Related Disorder
P182,18,Female,17.3,117,154,60,62,No,No,Medium,Yes,Low,6.1,Low,No Major Risk Indicated
P183,22,Female,22.7,102,121,97,75,Yes,Yes,Medium,Yes,Medium,6.5,Low,Respiratory Disease
P184,43,Male,33.6,156,208,110,78,No,No,Medium,Yes,High,6.5,High,Obesity-Related Disorder
P185,72,Female,27.5,150,242,92,84,No,Yes,Medium,Yes,Medium,7.6,High,Cardiovascular Disease
P186,80,Female,26.3,156,204,105,82,Yes,No,High,No,Medium,6.4,High,Cardiovascular Disease
P187,31,Male,28.2,126,174,117,82,No,No,Medium,Yes,Medium,7.7,Low,Obesity-Related Disorder
P188,56,Female,34.9,159,194,131,72,No,No,High,Yes,Low,7.8,High,Obesity-Related Disorder
P189,44,Female,34.0,131,198,119,69,No,Yes,High,Yes,High,6.0,High,Obesity-Related Disorder
P190,26,Male,17.9,101,216,60,69,No,No,Medium,Yes,Medium,7.8,Low,Cardiovascular Disease
P191,32,Female,19.6,118,208,101,74,No,No,Medium,Yes,Low,7.9,Low,Cardiovascular Disease
P192,32,Male,17.7,134,169,63,54,No,No,High,No,High,4.7,Medium,Stress/Sleep-Related Disorder
P193,43,Male,21.6,164,202,99,85,No,No,Medium,Yes,Low,7.2,Medium,Cardiovascular Disease
P194,59,Female,25.2,134,234,93,73,No,Yes,High,No,High,6.2,Medium,Cardiovascular Disease
P195,77,Female,26.1,147,230,117,69,No,Yes,Medium,No,Medium,8.4,High,Cardiovascular Disease
P196,30,Female,18.1,109,177,92,50,Yes,No,Medium,Yes,Low,6.2,Low,Respiratory Disease
P197,68,Female,16.6,136,222,88,73,No,Yes,Low,No,Medium,5.2,Medium,Stress/Sleep-Related Disorder
P198,80,Male,21.6,179,204,105,72,No,No,Medium,Yes,Medium,6.8,Medium,Cardiovascular Disease
P199,49,Female,29.1,160,180,104,63,Yes,No,High,Yes,Low,5.7,Medium,Cardiovascular Disease
P200,56,Male,29.9,149,174,102,66,No,No,Medium,Yes,Medium,7.8,High,Obesity-Related Disorder
P201,66,Female,32.7,149,217,120,73,Yes,No,Medium,Yes,Medium,5.8,High,Obesity-Related Disorder
P202,69,Female,24.9,178,209,94,67,Yes,No,High,No,Medium,6.8,High,Cardiovascular Disease
P203,78,Female,28.7,166,200,148,79,No,Yes,Medium,No,Low,8.7,High,Diabetes
P204,49,Male,29.5,155,190,91,65,No,Yes,Medium,Yes,Medium,8.1,Medium,Cardiovascular Disease
P205,21,Female,22.8,115,181,97,73,Yes,No,High,No,Low,7.4,Low,Respiratory Disease
P206,47,Female,26.7,141,240,106,84,No,Yes,Medium,Yes,Medium,6.6,Medium,Cardiovascular Disease
P207,54,Female,28.0,131,224,107,72,No,Yes,Low,No,Low,7.3,Medium,Obesity-Related Disorder
P208,40,Female,20.9,143,129,104,76,No,No,Medium,Yes,High,7.6,Low,Cardiovascular Disease
P209,56,Male,32.4,149,206,119,76,No,No,Medium,Yes,Medium,5.6,High,Obesity-Related Disorder
P210,62,Female,24.8,141,242,88,73,No,No,Medium,Yes,Medium,7.8,Medium,Cardiovascular Disease
P211,32,Male,25.4,118,145,96,71,Yes,Yes,Medium,Yes,Medium,5.5,Low,Respiratory Disease
P212,60,Male,20.7,169,218,84,67,No,Yes,Medium,No,Low,7.5,Medium,Cardiovascular Disease
P213,46,Male,21.5,163,185,93,74,No,Yes,Low,No,Low,5.5,Low,Cardiovascular Disease
P214,53,Male,16.0,142,226,85,70,No,No,Medium,Yes,High,9.2,Medium,Cardiovascular Disease
P215,30,Male,25.2,128,187,78,87,No,No,Low,No,High,7.7,Low,Stress/Sleep-Related Disorder
P216,49,Male,36.3,147,172,141,80,Yes,No,Medium,No,Low,4.9,High,Obesity-Related Disorder
P217,24,Female,20.4,125,167,73,57,No,No,High,No,Medium,6.8,Low,No Major Risk Indicated
P218,76,Male,38.4,142,215,142,59,Yes,No,Medium,Yes,Medium,6.2,High,Obesity-Related Disorder
P219,68,Male,31.4,161,208,125,72,No,No,Medium,No,Medium,6.0,High,Obesity-Related Disorder
P220,39,Male,22.9,109,213,93,68,No,Yes,Low,No,Low,7.0,Low,Cardiovascular Disease
P221,45,Female,25.1,130,169,92,70,No,No,Low,No,Low,5.7,Low,Stress/Sleep-Related Disorder
P222,19,Female,24.4,125,192,78,78,No,No,Medium,No,Low,7.7,Low,No Major Risk Indicated
P223,59,Male,32.7,156,196,112,76,No,No,Low,Yes,High,7.6,High,Obesity-Related Disorder
P224,62,Female,27.3,142,211,127,76,Yes,No,Medium,Yes,Medium,7.2,High,Respiratory Disease
P225,79,Male,30.3,159,223,103,88,No,No,Low,No,Medium,6.8,High,Obesity-Related Disorder
P226,74,Male,26.6,153,216,94,59,Yes,No,High,No,High,7.6,High,Cardiovascular Disease
P227,70,Female,24.5,156,213,87,74,Yes,No,Medium,Yes,Medium,7.7,High,Cardiovascular Disease
P228,23,Male,26.5,122,207,94,66,No,No,Low,No,High,7.3,Low,Stress/Sleep-Related Disorder
P229,45,Female,23.2,147,212,66,87,No,Yes,High,No,Medium,5.2,Low,Stress/Sleep-Related Disorder
P230,45,Female,18.5,133,181,60,50,No,Yes,Medium,No,Low,5.9,Low,Stress/Sleep-Related Disorder
P231,61,Male,28.7,155,244,103,51,Yes,No,Low,No,High,6.5,High,Cardiovascular Disease
P232,61,Male,18.2,157,212,61,76,No,No,Medium,No,Medium,5.0,Low,Cardiovascular Disease
P233,37,Female,23.8,135,192,71,83,No,Yes,Medium,Yes,Low,7.1,Low,Respiratory Disease
P234,47,Male,23.0,137,171,70,80,No,No,Medium,No,Medium,8.5,Low,Cardiovascular Disease
P235,79,Male,27.9,166,209,97,66,Yes,Yes,Low,Yes,Low,8.3,High,Cardiovascular Disease
P236,28,Male,32.0,135,158,118,87,No,Yes,Medium,Yes,Medium,7.7,Low,Obesity-Related Disorder
P237,75,Female,30.4,171,220,129,61,No,No,Low,Yes,High,7.7,High,Cardiovascular Disease
P238,72,Female,28.0,181,231,137,86,No,Yes,Low,Yes,High,9.5,High,Cardiovascular Disease
P239,45,Male,22.2,127,200,115,61,No,Yes,High,Yes,High,7.8,Low,Stress/Sleep-Related Disorder
P240,42,Female,24.2,131,228,103,69,No,Yes,Medium,Yes,Low,7.9,Low,Cardiovascular Disease
P241,56,Female,23.5,128,178,108,79,No,No,Medium,No,Medium,5.1,Low,Stress/Sleep-Related Disorder
P242,79,Female,22.9,175,224,99,59,Yes,No,Medium,Yes,Low,8.4,High,Cardiovascular Disease
P243,50,Female,23.2,138,163,98,87,Yes,No,Low,No,High,7.3,Medium,Respiratory Disease
P244,18,Female,23.1,121,143,111,68,No,No,High,Yes,Medium,6.7,Low,Diabetes
P245,74,Male,22.9,153,248,101,75,No,Yes,Low,No,Medium,6.4,High,Cardiovascular Disease
P246,44,Male,29.3,134,178,122,84,No,No,Low,No,Medium,6.1,Medium,Obesity-Related Disorder
P247,79,Male,20.3,179,201,76,66,Yes,Yes,Medium,Yes,Medium,8.3,High,Cardiovascular Disease
P248,74,Female,21.7,169,163,83,84,No,No,Medium,No,Medium,6.8,High,Cardiovascular Disease
P249,69,Female,17.9,155,192,87,90,No,No,Medium,No,High,6.2,Medium,Cardiovascular Disease
P250,30,Male,31.4,137,172,108,65,No,No,Low,No,High,5.9,High,Obesity-Related Disorder
P251,58,Female,21.4,158,168,79,86,No,Yes,Medium,No,Low,7.0,Medium,Cardiovascular Disease
P252,20,Male,28.0,115,161,131,54,No,No,Medium,No,Medium,6.4,Low,Diabetes
P253,56,Male,27.1,129,232,104,77,Yes,Yes,Low,No,High,6.1,High,Cardiovascular Disease
P254,23,Male,30.9,111,153,96,59,No,Yes,High,No,Low,5.1,Low,Obesity-Related Disorder
P255,25,Female,24.1,108,149,89,81,No,No,Low,Yes,Medium,8.0,Low,Obesity-Related Disorder
P256,44,Female,20.7,152,162,83,81,No,Yes,Medium,No,Low,6.6,Low,Cardiovascular Disease
P257,26,Male,18.0,141,145,74,92,Yes,No,Medium,No,Medium,5.5,Low,Respiratory Disease
P258,79,Male,16.0,183,234,60,88,Yes,Yes,Low,No,Low,6.5,High,Cardiovascular Disease
P259,54,Male,25.7,121,200,117,71,No,Yes,Medium,Yes,Medium,7.5,Medium,Diabetes
P260,50,Male,28.5,155,219,124,62,No,No,High,No,Low,6.8,Medium,Cardiovascular Disease
P261,68,Female,27.1,183,262,127,79,No,No,Low,No,Medium,7.0,High,Cardiovascular Disease
P262,59,Female,18.1,163,157,85,72,No,No,High,Yes,High,6.9,Medium,Cardiovascular Disease
P263,61,Male,29.7,125,214,119,88,No,No,Medium,No,High,5.3,Medium,Stress/Sleep-Related Disorder
P264,41,Male,21.9,157,159,72,50,Yes,No,Low,No,High,7.9,High,Cardiovascular Disease
P265,32,Female,20.9,130,199,93,94,No,Yes,Medium,No,Medium,4.8,Low,Stress/Sleep-Related Disorder
P266,76,Female,21.8,159,212,97,79,No,No,Medium,No,Low,7.4,Medium,Cardiovascular Disease
P267,71,Male,25.4,164,215,94,65,No,No,Medium,Yes,Low,7.5,High,Cardiovascular Disease
P268,49,Male,18.3,129,162,91,80,No,No,High,No,High,6.5,Low,Stress/Sleep-Related Disorder
P269,49,Male,24.8,142,183,108,85,No,No,High,No,Medium,7.2,Low,Cardiovascular Disease
P270,41,Female,26.9,155,189,98,73,No,No,High,Yes,Low,6.5,Medium,Cardiovascular Disease
P271,58,Female,30.0,156,236,116,55,No,No,High,Yes,Medium,7.2,High,Cardiovascular Disease
P272,69,Female,25.8,157,192,86,70,Yes,No,Medium,No,Low,8.0,Medium,Cardiovascular Disease
P273,66,Male,19.0,156,196,103,83,Yes,Yes,Medium,Yes,Low,5.8,Medium,Cardiovascular Disease
P274,79,Male,25.7,150,245,91,79,No,Yes,Medium,Yes,High,7.6,High,Cardiovascular Disease
P275,66,Female,20.2,153,188,76,71,Yes,No,Low,No,High,8.8,High,Cardiovascular Disease
P276,75,Female,20.0,142,246,90,86,Yes,Yes,Medium,Yes,Medium,7.1,High,Cardiovascular Disease
P277,69,Male,18.9,169,212,101,81,No,No,Medium,No,High,6.2,Medium,Cardiovascular Disease
P278,29,Female,16.4,101,184,85,80,No,No,Low,Yes,Medium,9.5,Medium,No Major Risk Indicated
P279,79,Female,22.4,175,230,96,69,No,No,Low,No,Medium,6.9,High,Cardiovascular Disease
P280,56,Male,30.1,159,185,121,68,No,Yes,Medium,No,Low,7.1,Medium,Cardiovascular Disease
P281,19,Female,35.2,135,177,87,54,No,Yes,Medium,Yes,Low,7.1,Medium,Obesity-Related Disorder
P282,20,Male,22.4,121,149,70,69,No,No,Medium,No,Medium,7.3,Low,No Major Risk Indicated
P283,66,Male,29.9,165,197,101,82,Yes,No,Medium,Yes,High,6.4,Medium,Cardiovascular Disease
P284,54,Male,23.2,144,213,110,71,No,No,Medium,No,Medium,7.0,Low,Cardiovascular Disease
P285,66,Male,17.6,140,217,90,77,Yes,No,Medium,No,Low,7.9,High,Respiratory Disease
P286,73,Male,28.2,178,214,112,84,No,No,Low,No,Low,6.4,High,Cardiovascular Disease
P287,34,Male,26.1,129,149,98,75,Yes,No,Low,No,High,6.3,Medium,Respiratory Disease
P288,76,Male,33.2,145,193,146,78,No,No,Medium,Yes,Low,6.4,High,Diabetes
P289,66,Female,18.1,149,216,79,59,No,Yes,Medium,No,Medium,5.5,Medium,Stress/Sleep-Related Disorder
P290,19,Male,37.6,114,185,99,68,No,No,Low,No,Low,6.0,Medium,Obesity-Related Disorder
P291,19,Male,32.2,125,139,122,88,No,No,Medium,Yes,Low,5.9,Low,Obesity-Related Disorder
P292,45,Female,24.9,167,170,96,73,No,No,Low,No,Medium,6.8,Medium,Cardiovascular Disease
P293,71,Female,23.7,165,217,111,92,Yes,Yes,Medium,Yes,Medium,7.8,High,Cardiovascular Disease
P294,40,Female,21.8,137,189,84,65,No,No,Medium,No,Medium,8.5,Low,Cardiovascular Disease
P295,54,Male,25.5,175,158,85,75,No,No,Medium,Yes,Low,6.9,Medium,Cardiovascular Disease
P296,49,Female,24.2,153,198,99,69,No,No,High,No,High,7.3,Medium,Cardiovascular Disease
P297,50,Male,27.3,146,180,101,78,Yes,Yes,Low,Yes,Low,7.1,Medium,Respiratory Disease
P298,18,Male,23.7,113,207,87,80,Yes,No,High,Yes,Medium,4.3,Low,Respiratory Disease
P299,36,Male,31.4,136,189,132,78,No,No,Medium,No,High,5.4,Medium,Stress/Sleep-Related Disorder
P300,79,Male,25.6,163,232,87,84,No,Yes,Medium,No,Low,7.7,Medium,Cardiovascular Disease
P301,19,Female,23.8,120,178,89,71,No,No,Medium,No,High,7.8,Low,Stress/Sleep-Related Disorder
P302,70,Female,29.6,173,183,99,71,Yes,No,Medium,Yes,Low,7.8,Medium,Cardiovascular Disease
P303,61,Male,17.7,144,253,60,55,No,No,Medium,Yes,Medium,6.6,Medium,Cardiovascular Disease
P304,43,Male,26.5,143,148,96,79,Yes,No,Medium,No,Medium,4.4,Medium,Respiratory Disease
P305,49,Male,25.1,153,214,95,74,Yes,Yes,Low,No,High,5.6,High,Cardiovascular Disease
P306,23,Female,18.7,114,186,82,71,No,Yes,Low,Yes,Low,5.7,Low,Stress/Sleep-Related Disorder
P307,49,Male,17.3,132,182,72,70,Yes,No,Medium,No,Medium,7.6,Low,Respiratory Disease
P308,72,Male,29.5,157,231,89,73,Yes,Yes,Medium,No,High,6.4,High,Cardiovascular Disease
P309,21,Female,29.3,115,161,86,69,No,Yes,Medium,No,Medium,8.8,Low,Obesity-Related Disorder
P310,72,Female,25.8,173,198,122,68,No,Yes,Low,No,Medium,8.6,High,Cardiovascular Disease
P311,28,Male,32.7,114,187,96,74,Yes,Yes,Medium,No,Low,8.8,Medium,Obesity-Related Disorder
P312,73,Female,27.0,161,191,129,78,Yes,No,High,Yes,Medium,5.7,High,Cardiovascular Disease
P313,76,Female,30.6,190,213,131,66,Yes,Yes,High,Yes,Low,7.4,High,Cardiovascular Disease
P314,34,Male,26.9,135,166,91,68,Yes,No,Medium,No,Low,6.2,Low,Respiratory Disease
P315,80,Female,23.8,172,214,89,72,No,Yes,Medium,No,Medium,7.2,High,Cardiovascular Disease
P316,55,Male,20.2,160,210,100,73,No,No,High,No,Medium,5.8,Low,Cardiovascular Disease
P317,41,Female,22.3,130,172,82,71,No,Yes,Medium,No,High,8.3,Low,Stress/Sleep-Related Disorder
P318,22,Male,23.8,109,165,62,78,No,No,Medium,No,High,5.9,Low,Stress/Sleep-Related Disorder
P319,69,Male,31.1,159,200,123,57,No,No,High,No,Medium,4.5,High,Obesity-Related Disorder
P320,51,Male,28.5,146,232,110,58,No,Yes,Medium,Yes,High,9.2,Medium,Cardiovascular Disease
P321,23,Female,26.5,103,179,109,73,No,No,Medium,Yes,Medium,7.3,Low,Obesity-Related Disorder
P322,39,Male,28.9,139,191,107,66,No,Yes,Low,No,Low,5.5,Medium,Obesity-Related Disorder
P323,28,Female,27.4,139,192,87,80,No,No,Low,No,High,6.6,Medium,Stress/Sleep-Related Disorder
P324,80,Male,26.2,154,207,125,85,No,Yes,High,Yes,Low,6.1,High,Diabetes
P325,65,Male,18.3,159,230,103,75,No,No,Medium,No,Medium,6.8,Medium,Cardiovascular Disease
P326,33,Female,30.1,140,188,107,61,Yes,Yes,Medium,No,High,7.8,Medium,Respiratory Disease
P327,50,Male,22.9,150,156,91,83,Yes,No,Low,No,Medium,7.6,Medium,Cardiovascular Disease
P328,26,Male,29.9,133,138,81,73,No,Yes,Medium,Yes,High,7.1,Low,Obesity-Related Disorder
P329,77,Female,30.3,160,205,106,59,No,Yes,Medium,No,Low,6.8,High,Cardiovascular Disease
P330,76,Male,22.0,148,185,105,59,No,No,Low,Yes,Medium,8.1,High,Cardiovascular Disease
P331,23,Male,29.3,117,165,91,86,No,No,High,No,Low,4.5,Low,Obesity-Related Disorder
P332,33,Male,23.4,123,154,65,85,No,Yes,Low,Yes,Medium,5.9,Low,Stress/Sleep-Related Disorder
P333,46,Male,23.4,139,189,142,50,No,Yes,Medium,No,High,5.6,Medium,Stress/Sleep-Related Disorder
P334,20,Female,26.2,133,203,69,58,Yes,Yes,Medium,Yes,Medium,8.0,Low,Respiratory Disease
P335,37,Female,26.3,117,182,129,83,Yes,Yes,Low,No,Low,5.9,High,Respiratory Disease
P336,77,Male,25.2,164,212,98,73,No,Yes,High,No,Low,5.3,High,Cardiovascular Disease
P337,76,Female,19.0,149,228,85,80,No,No,Medium,Yes,Low,7.5,High,Cardiovascular Disease
P338,53,Male,24.5,136,180,84,72,No,Yes,High,No,Medium,5.7,Low,Stress/Sleep-Related Disorder
P339,36,Female,35.3,139,203,129,78,No,Yes,Low,Yes,High,6.4,High,Obesity-Related Disorder
P340,43,Male,16.0,123,201,60,72,Yes,No,Low,Yes,Low,9.7,Low,Respiratory Disease
P341,20,Male,28.9,129,169,70,67,No,No,Low,No,Medium,7.7,Low,Obesity-Related Disorder
P342,80,Male,29.8,149,226,139,84,No,Yes,Medium,Yes,High,6.5,High,Diabetes
P343,36,Male,18.9,140,233,64,74,No,Yes,Medium,No,Medium,6.7,Low,Cardiovascular Disease
P344,37,Male,22.9,114,207,98,78,No,No,High,No,Medium,7.9,Low,Cardiovascular Disease
P345,49,Male,20.5,134,249,67,74,Yes,Yes,Medium,No,High,7.6,High,Cardiovascular Disease
P346,24,Female,33.3,146,185,120,66,Yes,No,High,Yes,Low,6.9,High,Obesity-Related Disorder
P347,69,Male,30.0,177,175,138,89,No,Yes,Medium,No,Low,6.9,High,Cardiovascular Disease
P348,58,Female,30.2,144,196,102,76,No,No,Medium,No,Low,5.0,Low,Obesity-Related Disorder
P349,50,Male,25.5,147,152,67,69,No,Yes,Low,Yes,High,4.8,Medium,Stress/Sleep-Related Disorder
P350,57,Female,30.9,162,215,137,85,Yes,No,Medium,No,High,6.6,High,Cardiovascular Disease
P351,56,Female,25.0,155,219,110,59,No,No,Low,Yes,High,6.0,High,Cardiovascular Disease
P352,35,Female,31.1,128,159,99,94,Yes,No,Low,No,Low,7.5,Medium,Obesity-Related Disorder
P353,57,Male,24.3,139,185,92,71,Yes,Yes,Medium,Yes,Medium,7.0,Medium,Respiratory Disease
P354,18,Male,21.9,129,170,63,58,No,Yes,High,No,Low,5.9,Low,Stress/Sleep-Related Disorder
P355,28,Female,33.1,140,145,131,91,No,Yes,Low,No,Low,7.0,Medium,Obesity-Related Disorder
P356,45,Male,24.9,159,159,85,68,Yes,Yes,High,Yes,Medium,6.3,Medium,Cardiovascular Disease
P357,74,Female,21.0,140,248,70,76,Yes,Yes,High,Yes,High,9.3,High,Cardiovascular Disease
P358,42,Male,20.9,121,191,86,79,No,No,Medium,No,High,7.3,Low,Stress/Sleep-Related Disorder
P359,67,Female,20.9,169,196,76,85,Yes,No,Low,No,Medium,4.9,Medium,Cardiovascular Disease
P360,40,Female,28.8,116,144,87,75,No,No,Low,Yes,Low,9.0,Low,Obesity-Related Disorder
P361,48,Male,24.6,156,215,87,66,No,No,Medium,Yes,Low,6.0,Low,Cardiovascular Disease
P362,47,Female,35.3,138,175,121,74,Yes,No,Medium,No,Medium,5.6,High,Obesity-Related Disorder
P363,59,Male,30.3,143,250,90,69,Yes,Yes,High,No,High,9.4,High,Cardiovascular Disease
P364,52,Female,26.2,146,218,119,75,No,No,Medium,No,High,7.2,Medium,Cardiovascular Disease
P365,24,Female,31.3,107,151,114,88,No,Yes,Low,No,Medium,7.6,Medium,Obesity-Related Disorder
P366,77,Male,22.8,173,201,91,81,No,No,Low,Yes,Medium,7.7,High,Cardiovascular Disease
P367,33,Male,16.7,150,223,60,74,No,No,Medium,No,Low,6.6,Low,Cardiovascular Disease
P368,43,Male,20.5,148,187,81,80,No,No,Low,No,Low,6.1,Low,Cardiovascular Disease
P369,65,Female,25.7,151,196,114,81,No,No,Medium,Yes,Medium,6.3,High,Cardiovascular Disease
P370,74,Male,24.0,142,217,110,63,No,Yes,Medium,No,Low,8.7,Medium,Cardiovascular Disease
P371,69,Female,28.7,139,199,125,74,No,No,Low,No,Medium,7.0,High,Obesity-Related Disorder
P372,77,Female,24.4,147,225,93,99,No,No,Low,Yes,High,8.4,High,Cardiovascular Disease
P373,66,Male,28.4,154,208,64,85,No,No,Medium,No,Medium,6.7,Medium,Cardiovascular Disease
P374,19,Male,31.8,121,189,123,66,No,No,Low,Yes,Low,5.9,Medium,Obesity-Related Disorder
P375,18,Female,24.4,129,156,83,65,No,Yes,Low,No,Low,5.1,Low,Stress/Sleep-Related Disorder
P376,65,Female,27.5,132,186,115,67,Yes,Yes,Medium,No,Medium,7.6,High,Respiratory Disease
P377,79,Male,17.1,180,212,108,82,No,Yes,High,Yes,Medium,8.8,High,Cardiovascular Disease
P378,29,Male,24.4,135,167,125,88,No,Yes,Low,No,Medium,5.7,Medium,Stress/Sleep-Related Disorder
P379,22,Male,19.5,118,168,65,77,Yes,No,High,No,Medium,7.4,Low,Respiratory Disease
P380,54,Male,25.7,131,214,100,74,Yes,No,Medium,No,Medium,5.1,Medium,Respiratory Disease
P381,49,Male,26.1,157,209,118,68,No,No,Medium,No,High,6.1,Medium,Cardiovascular Disease
P382,76,Female,26.0,158,248,91,77,No,No,High,No,Medium,7.1,High,Cardiovascular Disease
P383,72,Female,22.8,159,195,86,65,No,No,Medium,No,High,4.7,Medium,Stress/Sleep-Related Disorder
P384,26,Female,35.3,129,183,106,52,No,No,High,No,Medium,6.8,Medium,Obesity-Related Disorder
P385,58,Female,19.3,138,220,82,89,No,Yes,Low,No,Low,5.8,Low,Stress/Sleep-Related Disorder
P386,52,Male,19.0,141,180,77,62,Yes,No,Low,Yes,Medium,7.5,High,Respiratory Disease
P387,36,Male,32.4,142,177,101,69,No,Yes,High,No,Medium,6.6,Medium,Obesity-Related Disorder
P388,65,Male,21.8,163,165,76,80,No,Yes,Medium,No,High,7.9,Medium,Cardiovascular Disease
P389,33,Female,20.7,139,202,92,86,No,No,Low,No,Medium,6.5,Low,Cardiovascular Disease
P390,20,Female,35.4,106,163,134,74,No,Yes,Medium,No,High,5.2,Medium,Obesity-Related Disorder
P391,37,Male,29.4,130,203,125,60,No,Yes,High,No,High,5.0,Medium,Stress/Sleep-Related Disorder
P392,41,Male,22.3,131,192,79,69,Yes,Yes,High,No,Medium,4.5,Medium,Respiratory Disease
P393,71,Female,26.0,163,209,116,66,No,Yes,Medium,Yes,Medium,7.6,Medium,Cardiovascular Disease
P394,73,Female,33.8,164,176,126,73,Yes,No,High,Yes,Medium,9.9,High,Cardiovascular Disease
P395,50,Male,28.1,144,160,94,85,No,Yes,Low,No,High,7.3,High,Obesity-Related Disorder
P396,41,Male,30.8,165,122,118,50,Yes,Yes,Low,Yes,High,8.8,High,Cardiovascular Disease
P397,69,Female,28.6,153,198,100,69,Yes,No,Medium,Yes,Low,8.2,Medium,Cardiovascular Disease
P398,28,Male,29.2,121,232,94,67,No,No,Low,Yes,High,6.2,Medium,Obesity-Related Disorder
P399,66,Male,25.2,141,177,79,60,No,No,Medium,No,Low,8.3,Medium,Cardiovascular Disease
P400,25,Male,25.1,105,120,82,77,No,Yes,Medium,No,Medium,6.2,Low,Respiratory Disease
P401,53,Female,26.2,130,222,103,58,Yes,No,Medium,No,Low,6.2,Medium,Respiratory Disease
P402,55,Female,28.3,138,259,128,60,Yes,No,Low,No,Medium,6.5,High,Cardiovascular Disease
P403,57,Female,23.7,163,209,88,81,No,No,Low,Yes,High,6.6,Medium,Cardiovascular Disease
P404,37,Female,25.5,133,191,77,87,Yes,No,Medium,No,Low,7.6,Low,Respiratory Disease
P405,79,Female,23.6,167,213,121,73,Yes,No,Medium,No,Low,6.0,High,Cardiovascular Disease
P406,52,Female,25.5,143,152,89,60,No,Yes,High,No,Low,7.9,Medium,Cardiovascular Disease
P407,65,Female,19.4,158,172,60,66,No,No,High,Yes,Medium,7.8,Low,Cardiovascular Disease
P408,79,Male,36.7,181,213,133,84,No,No,Medium,Yes,Medium,7.2,High,Obesity-Related Disorder
P409,42,Male,21.7,113,175,80,73,No,No,High,Yes,Low,9.1,Low,No Major Risk Indicated
P410,52,Male,23.4,159,194,126,71,No,Yes,Low,No,Low,8.3,Medium,Cardiovascular Disease
P411,42,Male,21.3,106,209,91,75,No,Yes,Low,No,Medium,8.1,Low,Respiratory Disease
P412,46,Male,27.8,140,177,99,72,No,Yes,High,No,Low,6.9,Low,Obesity-Related Disorder
P413,35,Male,24.1,158,203,75,87,Yes,Yes,Medium,No,Medium,7.2,Medium,Cardiovascular Disease
P414,63,Male,20.7,160,192,92,65,Yes,Yes,High,No,Low,7.4,Medium,Cardiovascular Disease
P415,35,Female,28.0,136,207,121,63,No,No,Medium,No,Medium,6.8,Low,Obesity-Related Disorder
P416,19,Female,28.6,143,169,101,57,Yes,No,High,Yes,Low,6.3,Low,Respiratory Disease
P417,71,Male,24.7,150,203,87,68,No,No,Medium,No,Medium,4.0,High,Cardiovascular Disease
P418,52,Male,22.0,149,199,96,62,Yes,No,Medium,No,Low,7.7,Medium,Respiratory Disease
P419,33,Female,34.9,137,172,115,74,No,No,Medium,Yes,Medium,8.0,Medium,Obesity-Related Disorder
P420,78,Male,26.5,157,223,112,74,No,Yes,Medium,No,High,5.4,High,Stress/Sleep-Related Disorder
P421,58,Male,19.3,143,221,77,62,Yes,Yes,Medium,No,High,7.5,Medium,Respiratory Disease
P422,53,Female,31.4,138,196,106,78,Yes,Yes,High,No,Medium,6.1,Medium,Respiratory Disease
P423,50,Male,21.1,144,186,79,88,No,No,Low,No,Medium,6.4,Medium,Cardiovascular Disease
P424,21,Female,37.3,127,141,133,75,No,No,Low,No,High,8.4,Medium,Obesity-Related Disorder
P425,50,Male,25.4,144,209,90,50,No,Yes,Medium,No,Medium,5.6,Low,Stress/Sleep-Related Disorder
P426,31,Female,29.6,137,187,95,92,No,No,Medium,Yes,Low,5.6,Medium,Obesity-Related Disorder
P427,38,Female,16.0,110,155,60,79,No,No,High,Yes,High,9.0,Low,Stress/Sleep-Related Disorder
P428,65,Female,19.2,151,229,91,93,No,No,Medium,Yes,Medium,6.6,Medium,Cardiovascular Disease
P429,37,Male,31.0,120,153,111,83,No,No,Medium,No,Low,8.3,Low,Obesity-Related Disorder
P430,73,Female,26.4,163,241,98,86,No,No,Medium,Yes,Low,4.9,High,Cardiovascular Disease
P431,25,Male,34.2,127,190,101,73,No,Yes,Medium,Yes,Low,5.0,Medium,Obesity-Related Disorder
P432,24,Male,27.2,122,182,122,69,No,No,High,Yes,Medium,5.7,Low,Diabetes
P433,20,Male,25.7,126,159,61,75,No,Yes,Low,No,Low,6.2,Low,Obesity-Related Disorder
P434,34,Male,32.7,142,195,118,65,No,No,Medium,No,Low,5.1,Medium,Obesity-Related Disorder
P435,50,Female,29.5,142,222,126,77,No,No,High,No,Low,7.2,Medium,Obesity-Related Disorder
P436,65,Female,24.1,141,223,60,50,Yes,Yes,High,No,Medium,7.3,Medium,Respiratory Disease
P437,29,Male,20.1,108,159,89,72,Yes,No,Medium,No,Medium,5.7,Low,Respiratory Disease
P438,76,Male,16.0,162,225,76,87,No,No,Medium,No,Medium,5.8,Medium,Cardiovascular Disease
P439,68,Female,23.0,159,240,98,74,No,Yes,Low,No,Low,6.0,Medium,Cardiovascular Disease
P440,39,Male,19.7,123,240,74,89,No,No,Medium,No,Low,5.4,Low,Cardiovascular Disease
P441,72,Female,36.7,168,210,146,71,Yes,Yes,High,Yes,High,4.0,High,Obesity-Related Disorder
P442,39,Male,22.1,129,207,90,82,No,No,Medium,No,Medium,6.7,Low,Cardiovascular Disease
P443,63,Male,22.0,132,235,93,64,No,No,Low,No,Medium,6.3,Low,Cardiovascular Disease
P444,47,Female,18.2,155,172,64,82,Yes,No,Low,No,Low,6.4,Medium,Cardiovascular Disease
P445,55,Male,23.8,160,244,121,75,No,No,Low,No,Medium,5.6,High,Cardiovascular Disease
P446,55,Female,22.0,122,173,89,70,No,No,Low,Yes,Medium,7.8,Medium,No Major Risk Indicated
P447,62,Male,32.8,145,226,152,50,No,No,Low,Yes,Low,9.7,High,Diabetes
P448,68,Male,25.8,149,219,130,71,No,Yes,Medium,No,Low,5.8,High,Diabetes
P449,71,Male,25.0,178,215,74,75,No,No,Low,Yes,Medium,8.5,High,Cardiovascular Disease
P450,25,Female,24.4,123,236,77,80,No,Yes,Low,No,High,7.2,Medium,Cardiovascular Disease
P451,44,Male,28.5,120,182,87,88,No,No,Medium,No,High,6.8,Low,Stress/Sleep-Related Disorder
P452,44,Male,23.0,149,182,88,93,No,Yes,Low,No,Medium,6.4,Medium,Cardiovascular Disease
P453,51,Male,28.0,128,229,106,85,No,Yes,Low,No,Medium,6.7,High,Obesity-Related Disorder
P454,38,Male,32.3,130,203,114,66,No,No,Medium,No,Low,8.2,Low,Obesity-Related Disorder
P455,47,Female,27.1,131,224,115,69,No,Yes,Low,No,Medium,5.4,High,Stress/Sleep-Related Disorder
P456,50,Female,23.9,136,198,115,80,No,Yes,Medium,No,Medium,6.5,Medium,Respiratory Disease
P457,45,Male,20.7,150,198,98,77,Yes,Yes,Low,No,Low,8.3,Medium,Respiratory Disease
P458,64,Female,23.8,171,255,87,89,No,Yes,High,No,High,8.0,High,Cardiovascular Disease
P459,50,Male,27.5,127,174,90,97,No,Yes,High,No,Low,5.5,Low,Stress/Sleep-Related Disorder
P460,22,Male,18.1,129,167,71,94,Yes,Yes,Medium,Yes,Medium,6.6,Medium,Respiratory Disease
P461,77,Male,28.7,154,239,117,88,No,No,Medium,No,Medium,7.7,High,Cardiovascular Disease
P462,78,Female,25.9,155,215,102,79,Yes,Yes,High,No,Medium,7.6,High,Respiratory Disease
P463,65,Female,24.3,160,194,77,86,No,No,Medium,No,Medium,8.0,Medium,Cardiovascular Disease
P464,36,Female,22.0,120,198,94,88,No,Yes,Low,Yes,Low,7.3,Low,Respiratory Disease
P465,21,Female,22.9,126,202,77,70,No,No,Medium,No,High,7.5,Low,Stress/Sleep-Related Disorder
P466,52,Female,27.7,153,193,96,67,Yes,No,High,Yes,Medium,7.2,High,Cardiovascular Disease
P467,66,Female,24.4,149,205,97,65,Yes,Yes,Medium,Yes,Medium,8.7,Medium,Respiratory Disease
P468,34,Female,22.7,146,164,82,63,No,No,Low,No,High,6.3,Low,Cardiovascular Disease
P469,61,Female,27.1,135,198,98,59,No,No,Medium,No,Medium,6.9,Low,Obesity-Related Disorder
P470,45,Female,27.3,155,218,80,75,No,No,High,Yes,Low,5.6,Low,Cardiovascular Disease
P471,47,Male,19.4,117,194,79,62,No,No,Low,No,High,5.3,Low,Stress/Sleep-Related Disorder
P472,46,Female,27.6,172,171,111,64,No,Yes,Medium,No,Low,7.2,Medium,Cardiovascular Disease
P473,63,Female,36.3,147,213,130,80,No,No,Low,No,Low,5.9,High,Obesity-Related Disorder
P474,70,Female,27.1,144,239,119,75,No,No,Medium,Yes,Medium,6.7,High,Cardiovascular Disease
P475,23,Female,17.4,119,157,60,76,No,No,Low,No,High,8.7,Low,Stress/Sleep-Related Disorder
P476,52,Female,25.8,131,164,78,86,No,Yes,Medium,No,Low,8.7,Low,Respiratory Disease
P477,77,Female,16.8,167,274,78,82,No,No,High,No,Medium,9.5,High,Cardiovascular Disease
P478,58,Female,39.3,165,168,124,88,Yes,No,Medium,No,Low,8.8,High,Obesity-Related Disorder
P479,54,Female,35.1,134,190,114,73,No,Yes,Medium,No,Medium,9.7,Medium,Obesity-Related Disorder
P480,41,Female,22.0,143,193,88,88,No,Yes,Medium,Yes,Medium,7.3,Low,Cardiovascular Disease
P481,46,Female,16.0,121,185,64,76,Yes,Yes,Low,No,Medium,5.7,Low,Respiratory Disease
P482,66,Female,21.0,167,208,70,75,Yes,No,Medium,Yes,Low,5.6,High,Cardiovascular Disease
P483,63,Male,24.2,157,221,88,88,No,No,Low,No,Medium,8.5,High,Cardiovascular Disease
P484,70,Male,17.1,170,153,85,64,No,No,Medium,No,High,6.9,High,Cardiovascular Disease
P485,48,Female,24.7,140,162,104,93,No,No,Low,Yes,Medium,7.0,Medium,Cardiovascular Disease
P486,52,Female,24.2,139,198,103,70,No,No,Medium,No,Medium,6.1,Low,Cardiovascular Disease
P487,77,Male,25.6,173,209,110,61,No,Yes,High,Yes,High,6.3,High,Cardiovascular Disease
P488,50,Female,26.0,127,198,95,79,No,No,High,Yes,Low,7.3,Low,Obesity-Related Disorder
P489,69,Male,20.7,136,218,95,69,No,No,Medium,No,Medium,5.5,Medium,Stress/Sleep-Related Disorder
P490,80,Male,21.2,165,169,92,94,No,No,Low,Yes,High,7.1,High,Cardiovascular Disease
P491,78,Male,25.2,159,252,104,69,No,No,Medium,No,Low,8.6,High,Cardiovascular Disease
P492,38,Male,22.2,140,172,71,75,Yes,No,High,Yes,Medium,4.2,Medium,Respiratory Disease
P493,49,Male,29.1,155,172,106,58,No,No,Low,No,Low,5.0,Medium,Obesity-Related Disorder
P494,40,Female,25.2,141,191,99,80,No,No,High,No,Medium,7.6,Low,Cardiovascular Disease
P495,50,Male,33.4,155,198,121,65,Yes,No,Medium,No,Medium,8.4,High,Obesity-Related Disorder
P496,20,Female,28.7,124,198,77,78,Yes,No,High,No,Medium,6.2,Low,Respiratory Disease
P497,35,Female,30.0,137,188,105,68,No,Yes,High,No,Medium,4.4,Low,Obesity-Related Disorder
P498,42,Male,25.6,135,217,73,52,No,Yes,High,Yes,Low,8.5,Medium,Cardiovascular Disease
P499,59,Male,25.7,155,180,102,74,No,Yes,Medium,Yes,Medium,5.8,Medium,Cardiovascular Disease
P500,48,Female,32.8,143,197,103,73,Yes,No,Low,No,Low,6.4,High,Obesity-Related Disorder
